kia;rio;sedan;black
kia;rio;sedan;blue
kia;rio;sedan;gray
kia;rio;sedan;green
kia;rio;sedan;white
kia;sorento;suv;black
kia;sorento;suv;blue
kia;sorento;suv;gray
kia;sorento;suv;green
kia;sorento;suv;white
kia;sportage;suv;black
kia;sportage;suv;blue
kia;sportage;suv;gray
kia;sportage;suv;green
kia;sportage;suv;white
peugeot;207;combi;black
peugeot;307;combi;black
peugeot;307;combi;blue
peugeot;307;combi;gray
peugeot;307;combi;green
peugeot;307;combi;white
peugeot;407;combi;white
peugeot;508;combi;black
peugeot;508;combi;white
skoda;fabia;combi;black
skoda;fabia;combi;blue
skoda;fabia;combi;gray
skoda;fabia;combi;green
skoda;fabia;combi;white
skoda;superb;combi;gray
skoda;superb;combi;black
skoda;superb;combi;brown
skoda;octavia;sedan;black
skoda;octavia;sedan;blue
skoda;octavia;sedan;gray
skoda;octavia;sedan;green
skoda;octavia;sedan;white
skoda;rapid;sedan;black
skoda;rapid;sedan;blue
skoda;rapid;sedan;gray
skoda;rapid;sedan;green
skoda;rapid;sedan;white
skoda;karoq;suv;black
skoda;karoq;suv;blue
skoda;karoq;suv;gray
skoda;karoq;suv;green
skoda;karoq;suv;white
skoda;kodiaq;suv;black
skoda;kodiaq;suv;blue
skoda;kodiaq;suv;gray
skoda;kodiaq;suv;green
skoda;kodiaq;suv;white
volkswagen;golf;combi;black
volkswagen;golf;combi;blue
volkswagen;golf;combi;gray
volkswagen;golf;combi;white
volkswagen;golf;sedan;black
volkswagen;golf;sedan;blue
volkswagen;golf;sedan;gray
volkswagen;golf;sedan;white
